date,event,룬_콤보킬,몬스터파크,몬컬_세트,미라클_타임,샤이닝_스타포스,소울_확률,솔에르다_2배,솔에르다_타임,스타포스_1+1,스타포스_30%할인,스타포스_5_10_15,스타포스_파괴감소,어빌리티_반값,주문의_흔적_반값,트레져_헌터,헥사_스텟,현상금_사냥꾼
2017.03.12,(-),0,0,0,0,0,0,0,0,0,0,0,0,0,1,0,0,0
2017.03.26,(도전! 메이플 레인보우!),1,0,0,0,0,0,0,0,0,0,1,0,0,0,0,0,0
2017.04.02,(달콤한 질주 : 더 꿀),0,0,0,0,0,0,0,0,0,0,0,0,0,0,0,0,1
2017.04.09,(달콤한 질주 : 더 꿀),0,0,0,0,0,0,0,0,0,0,0,0,1,0,0,0,0
2017.04.16,(-),0,0,0,0,0,0,0,0,0,0,0,0,0,0,0,0,0
2017.04.23,(-),0,0,1,0,0,1,0,0,0,1,0,0,0,0,0,0,0
2017.04.30,<우주 Like 메이플?>,0,0,0,0,0,0,0,0,0,0,0,0,0,0,0,0,0
2017.05.07,<우주 Like 메이플?>,0,0,0,0,0,1,0,0,0,0,0,0,0,0,0,0,0
2017.05.14,<우주 Like 메이플?>,0,0,0,0,0,0,0,0,0,1,0,0,0,0,0,0,0
2017.05.21,<우주 Like 메이플?>,0,0,0,0,0,0,0,0,0,0,0,0,1,0,0,0,0
2017.05.28,<우주 Like 메이플?>,0,0,0,0,0,0,0,0,0,0,0,0,0,0,0,0,0
2017.06.11,<우주 Like 메이플?>,0,0,0,0,0,0,0,0,0,0,1,0,0,0,0,0,0
2017.06.25,<NOVA>,0,0,0,0,0,0,0,0,0,0,0,0,0,0,0,0,1
2017.07.02,<NOVA>,1,0,0,0,0,0,0,0,0,0,0,0,0,0,0,0,0
2017.07.09,<NOVA>,0,0,0,0,0,0,0,0,0,1,0,0,0,0,0,0,0
2017.07.16,<NOVA>,0,0,0,0,0,0,0,0,0,0,0,0,1,0,0,0,0
2017.07.23,<NOVA>,0,0,0,0,0,0,0,0,0,0,1,0,0,0,0,0,0
2017.07.30,<NOVA>,0,0,0,0,0,0,0,0,0,0,0,0,0,0,0,0,1
2017.08.13,<NOVA>,0,0,0,0,0,0,0,0,0,1,0,0,0,0,0,0,0
2017.08.27,<NOVA>,0,0,0,0,0,0,0,0,0,0,0,0,0,0,0,0,0
2017.09.03,<NOVA>,0,0,1,0,0,0,0,0,0,0,0,0,0,0,0,0,0
2017.09.10,<NOVA>,0,0,0,0,0,0,0,0,0,0,1,0,0,0,0,0,1
2017.09.17,(헤이스트),0,0,0,0,0,1,0,0,0,0,0,0,0,0,0,0,0
2017.09.24,(헤이스트),0,0,0,0,0,0,0,0,0,0,0,0,0,0,0,0,0
2017.10.01,<메이플 필름 페스티벌>,0,0,0,0,0,0,0,0,0,1,0,0,0,0,0,0,0
2017.10.15,<메이플 필름 페스티벌>,0,0,0,0,0,0,0,0,0,0,0,0,1,0,0,0,0
2017.10.22,<메이플 필름 페스티벌>,0,0,0,0,0,0,0,0,0,0,0,0,0,0,0,0,0
2017.10.29,(고스트 콜렉터즈),0,0,0,0,0,0,0,0,0,0,0,0,0,1,0,0,0
2017.11.05,(고스트 콜렉터즈),0,0,0,0,0,0,0,0,0,0,0,0,0,0,0,0,0
2017.11.12,(도전! 메이플 레인보우!),0,0,0,0,0,0,0,0,0,0,0,0,0,0,0,0,0
2017.11.19,(도전! 메이플 레인보우!),1,0,1,0,0,0,0,0,0,0,0,0,0,0,0,0,0
2017.11.26,(폴로와 프리토의 헌팅위크),1,0,0,0,0,1,0,0,0,0,0,0,0,0,0,0,1
2017.12.03,(폴로와 프리토의 헌팅위크),0,0,0,0,0,0,0,0,0,0,1,0,0,0,0,0,1
2017.12.10,(핑크빈의 데굴데굴 하우스),0,0,1,0,0,0,0,0,0,0,0,0,0,0,0,0,0
2017.12.17,(핑크빈의 데굴데굴 하우스),0,0,0,0,0,0,0,0,0,0,0,0,0,0,0,0,0
2017.12.24,<ARK>,0,0,0,0,0,0,0,0,0,1,0,0,0,0,0,0,0
2018.01.07,<ARK>,0,0,0,0,0,0,0,0,0,0,1,0,0,0,0,0,0
2018.01.14,<ARK>,0,0,0,0,0,0,0,0,0,0,0,0,0,0,0,0,0
2018.02.11,<ARK>,1,0,0,0,0,0,0,0,0,0,0,0,0,0,0,0,0
2018.02.18,<ARK>,0,0,0,0,0,0,0,0,1,0,0,0,0,0,0,0,0
2018.03.04,(토벤 머리 용사님을 도와줘!),0,0,1,0,0,0,0,0,0,0,0,0,0,0,0,0,0
2018.03.11,(토벤 머리 용사님을 도와줘!),0,0,0,0,0,1,0,0,0,0,0,0,0,0,0,0,0
2018.03.18,(높이높이 왕관 쌓기),0,0,0,0,0,0,0,0,0,0,0,0,0,1,0,0,0
2018.03.25,(높이높이 왕관 쌓기),0,0,0,0,0,0,0,0,0,0,0,0,0,0,0,0,1
2018.04.01,(헤이스트),0,0,0,0,0,0,0,0,0,0,0,0,0,0,0,0,0
2018.04.08,(헤이스트),0,0,0,0,0,0,0,0,0,0,0,0,0,0,0,0,0
2018.04.15,(메이플 해시태그),0,0,1,0,0,0,0,0,0,0,0,0,0,0,0,0,0
2018.04.22,(메이플 해시태그),1,0,0,0,0,0,0,0,0,0,0,0,0,0,0,0,0
2018.04.29,<메이플 15번가>,0,0,0,0,0,0,0,0,0,1,0,0,1,1,0,0,0
2018.05.13,<메이플 15번가>,0,0,0,0,0,0,0,0,0,0,1,0,0,0,0,0,0
2018.05.27,<메이플 15번가>,0,0,0,0,0,0,0,0,1,0,0,0,0,0,0,0,0
2018.06.10,<메이플 15번가>,0,0,0,0,0,0,0,0,0,0,1,0,0,0,0,0,0
2018.06.17,<메이플 15번가>,0,0,0,0,0,0,0,0,0,0,0,0,0,1,0,0,0
2018.06.24,<검은마법사>,0,0,0,0,0,0,0,0,0,0,0,0,0,0,0,0,0
2018.07.01,<검은마법사>,0,0,0,0,0,0,0,0,0,0,0,0,0,0,0,0,1
2018.07.08,<검은마법사>,1,0,0,0,0,0,0,0,0,0,0,0,0,0,0,0,0
2018.07.15,<검은마법사>,0,0,0,0,0,1,0,0,1,0,0,0,0,0,0,0,0
2018.07.29,<검은마법사>,0,0,0,0,0,0,0,0,0,1,0,0,0,0,0,0,0
2018.08.12,<검은마법사>,0,0,0,0,0,0,0,0,0,0,1,0,0,0,0,0,0
2018.08.26,<검은마법사>,0,0,0,0,0,0,0,0,0,1,0,0,0,0,0,0,0
2018.09.09,<검은마법사>,0,0,0,0,0,1,0,0,0,1,0,0,1,1,0,0,0
2018.09.16,<검은마법사>,1,0,0,0,0,0,0,0,0,0,0,0,0,0,0,0,0
2018.09.23,<유타네 콩닭농장>,0,0,0,0,0,0,0,0,0,0,1,0,0,0,0,0,0
2018.10.07,<유타네 콩닭농장>,0,1,0,0,0,0,0,0,0,0,0,0,0,0,0,0,0
2018.10.21,(사냥 가속 할로윈 x 헤이스트),0,0,1,0,0,0,0,0,0,0,0,0,0,0,0,0,0
2018.10.28,(사냥 가속 할로윈 x 헤이스트),0,0,0,0,0,0,0,0,0,0,0,0,0,0,0,0,0
2018.11.04,(-),0,0,0,0,0,0,0,0,0,0,0,0,0,1,0,0,0
2018.11.11,(-),0,0,0,0,0,1,0,0,0,0,0,0,0,0,0,0,0
2018.11.18,(명탐정 페페의 탐정사무소),0,0,0,0,0,0,0,0,0,0,0,0,1,0,0,0,0
2018.11.25,(명탐정 페페의 탐정사무소),1,0,0,0,0,0,0,0,0,0,0,0,0,0,0,0,0
2018.12.02,(택티컬 릴레이),0,0,1,0,0,0,0,0,1,0,0,0,0,0,0,0,0
2018.12.09,(택티컬 릴레이),0,0,0,0,0,0,0,0,0,0,0,0,0,0,0,0,1
2018.12.16,(카밀라의 크리스마스 베이커리),0,0,0,0,0,0,0,0,0,0,0,0,0,0,0,0,0
2018.12.23,(카밀라의 크리스마스 베이커리),0,1,0,0,0,0,0,0,0,0,0,0,0,0,0,0,0
2018.12.30,<어드벤처>,0,0,0,0,0,1,0,0,0,0,0,0,1,0,0,0,0
2019.01.06,<어드벤처>,0,0,0,0,0,0,0,0,0,0,1,0,0,0,0,0,0
2019.01.13,<어드벤처>,0,0,0,1,0,0,0,0,0,0,0,0,0,0,0,0,0
2019.01.20,<어드벤처>,0,0,0,0,0,0,0,0,0,1,0,0,0,0,0,0,0
2019.02.03,<어드벤처>,0,0,0,0,0,0,0,0,1,0,0,0,0,1,0,0,0
2019.02.17,<어드벤처>,0,0,0,0,0,0,0,0,0,0,1,0,0,0,0,0,0
2019.03.03,<어드벤처>,0,0,0,0,0,0,0,0,0,1,0,0,0,0,0,0,0
2019.03.17,<어드벤처>,0,0,0,0,0,1,0,0,0,0,0,0,1,0,0,0,0
2019.03.24,<어드벤처>,0,0,0,0,0,0,0,0,0,1,0,0,0,0,0,0,0
2019.03.31,(돌아온 토벤 머리 용사),0,0,0,0,0,0,0,0,0,0,0,0,0,0,0,0,1
2019.04.07,(돌아온 토벤 머리 용사),0,0,1,0,0,0,0,0,0,0,0,0,0,0,0,0,0
2019.04.14,(사냥 가속! 헤이스트),0,0,0,0,0,0,0,0,0,0,0,0,0,0,0,0,0
2019.04.21,(사냥 가속! 헤이스트),0,0,0,0,0,0,0,0,0,1,0,0,0,0,0,0,0
2019.04.28,<뉴트로 타임>,0,0,0,0,0,0,0,0,0,1,0,0,1,1,0,0,0
2019.05.12,<뉴트로 타임>,0,0,0,0,0,1,0,0,1,0,0,0,0,0,0,0,0
2019.05.26,<뉴트로 타임>,0,0,0,0,0,0,0,0,0,0,1,0,0,0,0,0,0
2019.06.09,<뉴트로 타임>,0,0,0,0,0,0,0,0,0,1,0,0,0,0,0,0,0
2019.06.16,<뉴트로 타임>,0,0,0,0,0,0,0,0,0,0,0,0,1,1,0,0,0
2019.06.23,<GLORY>,0,0,1,0,0,0,0,0,0,0,0,0,0,0,0,0,1
2019.06.30,<GLORY>,0,0,0,0,0,0,0,0,1,0,0,0,0,0,0,0,0
2019.07.07,<GLORY>,0,0,0,0,0,0,0,0,0,0,0,0,0,0,0,0,0
2019.07.14,<GLORY>,0,0,0,0,0,0,0,0,0,0,1,0,0,0,0,0,0
2019.07.21,<GLORY>,1,0,0,0,0,0,0,0,0,0,0,0,0,0,0,0,0
2019.07.28,<GLORY>,0,0,0,0,0,1,0,0,0,0,0,0,1,0,0,0,0
2019.08.04,<GLORY>,0,0,0,0,0,0,0,0,0,1,0,0,0,0,0,0,0
2019.08.11,<GLORY>,0,0,1,0,0,0,0,0,0,0,0,0,0,0,0,0,1
2019.08.18,<GLORY>,0,0,0,0,0,0,0,0,0,0,1,0,0,0,0,0,0
2019.09.01,<보름달 도깨비 야시장>,0,0,0,0,0,0,0,0,1,0,0,0,0,0,0,0,0
2019.09.08,<보름달 도깨비 야시장>,1,0,0,0,0,0,0,0,0,0,0,0,0,0,0,0,0
2019.09.15,<보름달 도깨비 야시장>,0,0,0,0,0,1,0,0,0,0,0,0,1,1,0,0,0
2019.09.22,<보름달 도깨비 야시장>,0,0,1,0,0,0,0,0,0,0,0,0,0,0,0,0,1
2019.09.29,(요정 웡키의 요술램프),0,0,0,0,0,0,0,0,0,1,0,0,0,0,0,0,0
2019.10.06,(요정 웡키의 요술램프),0,1,0,0,0,0,0,0,0,0,0,0,0,0,0,0,0
2019.10.13,(헤이스트 플러스),0,0,0,0,0,0,0,0,0,0,0,0,0,0,0,0,0
2019.10.20,(헤이스트 플러스),0,0,1,0,0,0,0,0,0,0,0,0,0,0,0,0,0
2019.10.27,(2019 돌아온 헌티드 맨션),0,0,0,0,0,0,0,0,0,0,0,0,0,0,0,0,0
2019.11.03,(2019 돌아온 헌티드 맨션),0,0,0,0,0,0,0,0,0,0,1,0,0,0,0,0,0
2019.11.10,(택티컬 릴레이 Ver.2),0,0,0,0,0,0,0,0,0,0,0,0,0,0,0,0,0
2019.11.17,(택티컬 릴레이 Ver.2),0,0,0,0,0,1,0,0,0,0,0,0,0,0,0,0,0
2019.11.24,(돌아온 데굴데굴 하우스),1,0,0,0,0,0,0,0,0,0,0,0,0,0,0,0,0
2019.12.01,(돌아온 데굴데굴 하우스),0,0,1,0,0,0,0,0,0,0,0,0,0,0,0,0,0
2019.12.08,(돌아온 데굴데굴 하우스),0,0,0,0,0,0,0,0,0,0,0,0,0,0,0,0,1
2019.12.15,(도전! 메이플 레인보우!),0,0,0,0,0,1,0,0,0,1,0,0,1,1,0,0,0
2019.12.22,<RISE>,0,0,0,0,0,0,0,0,0,0,0,0,0,0,0,0,0
2019.12.29,<RISE>,0,0,0,0,0,0,0,0,1,0,0,0,0,0,0,0,0
2020.01.05,<RISE>,0,0,0,0,0,0,0,0,0,0,0,0,0,0,0,0,0
2020.01.12,<RISE>,0,0,0,1,0,0,0,0,0,0,0,0,0,0,0,0,0
2020.01.19,<RISE>,0,0,0,0,0,0,0,0,0,1,0,0,0,0,0,0,0
2020.01.26,<RISE>,1,0,0,0,0,0,0,0,0,0,0,0,0,0,0,0,0
2020.02.02,<RISE>,0,0,0,0,0,0,0,0,0,0,1,0,0,0,0,0,0
2020.02.09,<RISE>,0,0,0,0,0,1,0,0,0,0,0,0,1,0,0,0,0
2020.02.16,<RISE>,0,0,0,0,0,0,0,0,0,0,0,0,0,0,0,0,1
2020.02.23,<RISE>,0,0,0,0,0,0,0,0,0,0,0,0,0,0,0,0,0
2020.03.01,(토벤머리 용사와 특별한 수업),0,0,0,0,0,0,0,0,0,0,0,0,0,1,0,0,0
2020.03.08,(토벤머리 용사와 특별한 수업),1,0,0,0,0,0,0,0,0,0,0,0,0,0,0,0,0
2020.03.15,(메이플 해시태그),0,0,0,0,0,0,0,0,0,0,0,0,1,0,0,0,0
2020.03.22,(메이플 해시태그),0,1,0,0,0,0,0,0,0,0,0,0,0,0,0,0,0
2020.03.29,(카밀라의 꽃 축제),1,0,0,0,0,0,0,0,0,0,0,0,0,0,0,0,1
2020.04.05,(카밀라의 꽃 축제),0,0,0,0,0,0,0,0,1,0,0,0,0,0,0,0,0
2020.04.12,(헤이스트 플러스),0,0,1,0,0,0,0,0,0,0,0,0,0,0,0,0,0
2020.04.19,(헤이스트 플러스),0,0,0,0,0,1,0,0,0,0,0,0,0,0,0,0,0
2020.04.26,<호텔 메이플>,0,0,0,0,0,0,0,0,0,1,0,0,0,0,0,0,0
2020.05.03,<호텔 메이플>,1,0,0,0,0,0,0,0,0,0,0,0,0,0,0,0,0
2020.05.10,<호텔 메이플>,0,0,0,0,0,0,0,0,0,0,0,0,0,0,0,0,1
2020.05.17,<호텔 메이플>,0,0,0,0,0,0,0,0,0,0,0,0,0,1,0,0,0
2020.05.24,<호텔 메이플>,0,0,0,0,0,0,0,0,0,0,1,0,0,0,0,0,0
2020.05.31,<호텔 메이플>,0,1,0,0,0,0,0,0,0,0,0,0,0,0,0,0,0
2020.06.07,<호텔 메이플>,0,0,0,0,0,0,0,0,0,0,0,0,1,0,0,0,0
2020.06.14,(핫 썸머 워밍업),0,0,0,0,0,0,0,0,0,0,0,0,0,1,0,0,0
2020.06.21,(핫 썸머 워밍업),0,0,0,0,0,1,0,0,1,0,0,0,0,0,0,0,0
2020.06.28,<AWAKE>,1,0,0,0,0,0,0,0,0,0,0,0,0,0,0,0,0
2020.07.05,<AWAKE>,0,0,0,0,0,0,0,0,0,0,0,0,0,0,0,0,1
2020.07.12,<AWAKE>,0,0,0,0,0,0,0,0,0,0,0,0,1,1,0,0,0
2020.07.19,<AWAKE>,0,0,0,0,0,0,0,0,0,1,0,0,0,0,0,0,0
2020.07.26,<AWAKE>,0,1,0,0,0,0,0,0,0,0,0,0,0,0,0,0,0
2020.08.02,<AWAKE>,0,0,0,0,0,0,0,0,1,0,0,0,0,0,0,0,0
2020.08.09,<AWAKE>,1,0,0,0,0,0,0,0,0,0,0,0,0,0,0,0,0
2020.08.16,<AWAKE>,0,0,0,0,0,0,0,0,0,0,0,0,1,0,0,0,0
2020.08.23,<AWAKE>,0,0,0,0,0,0,0,0,0,0,1,0,0,0,0,0,0
2020.08.30,<AWAKE>,0,0,0,0,0,1,0,0,0,0,0,0,0,1,0,0,0
2020.09.06,(슈피겔만의 행운 상자),0,0,0,0,0,0,0,0,0,0,0,0,0,0,0,0,1
2020.09.13,(슈피겔만의 행운 상자),1,0,0,0,0,0,0,0,0,0,0,0,0,0,0,0,0
2020.09.20,<엘리넬 풀 문 파티>,0,0,0,0,0,0,0,0,0,1,0,0,0,0,0,0,0
2020.09.27,<엘리넬 풀 문 파티>,0,1,0,0,0,0,0,0,0,0,0,0,0,0,0,0,0
2020.10.04,<엘리넬 풀 문 파티>,0,0,1,0,0,0,0,0,0,0,0,0,0,0,0,0,0
2020.10.11,<엘리넬 풀 문 파티>,0,0,0,0,0,0,0,0,0,0,0,0,0,0,0,0,1
2020.10.18,<엘리넬 풀 문 파티>,0,0,0,0,0,0,0,0,1,0,0,0,1,1,0,0,0
2020.10.25,(헌티드 하우스),1,0,0,0,0,0,0,0,0,0,0,0,0,0,0,0,0
2020.11.01,(헌티드 하우스),0,0,0,0,0,0,0,0,0,1,0,0,0,0,0,0,0
2020.11.08,(헤이스트 플러스),0,0,0,0,0,1,0,0,0,0,0,0,0,0,0,0,0
2020.11.15,(헤이스트 플러스),0,0,1,0,0,0,0,0,0,0,0,0,0,0,0,0,0
2020.11.22,(예티는 데뷔하고 싶어!),0,0,0,0,0,0,0,0,0,0,0,0,0,0,0,0,1
2020.11.29,(예티는 데뷔하고 싶어!),1,0,0,0,0,0,0,0,0,0,0,0,0,0,0,0,0
2020.12.06,(예티는 데뷔하고 싶어!),0,0,0,0,0,0,0,0,0,0,0,0,1,0,0,0,0
2020.12.13,(예티는 데뷔하고 싶어!),0,1,0,0,0,0,0,0,0,1,0,0,0,1,0,0,0
2020.12.20,<NEO>,0,0,0,0,0,0,0,0,0,0,0,0,0,0,0,0,1
2020.12.27,<NEO>,0,1,0,0,0,1,0,0,0,0,0,0,0,0,0,0,0
2021.01.03,<NEO>,0,0,0,0,0,0,0,0,0,0,1,0,0,1,0,0,0
2021.01.10,<NEO>,0,0,1,0,0,0,0,0,0,0,0,0,1,0,0,0,0
2021.01.17,<NEO>,0,0,0,1,0,0,0,0,0,0,0,0,0,0,0,0,0
2021.01.24,<NEO>,0,1,0,0,0,0,0,0,0,0,0,0,0,0,0,0,0
2021.01.31,<NEO>,0,0,0,0,0,0,0,0,0,1,0,0,0,0,0,0,0
2021.02.07,<NEO>,1,0,0,0,0,0,0,0,0,0,0,0,0,0,0,0,0
2021.02.14,<NEO>,0,0,0,0,0,0,0,0,0,0,0,0,0,0,0,0,0
2021.02.21,<NEO>,0,0,0,0,0,0,0,0,1,0,0,0,0,1,0,0,0
2021.02.28,(돌아온 고대 유물 대회),1,0,0,0,0,0,0,0,0,0,0,0,0,0,0,0,0
2021.03.07,(돌아온 고대 유물 대회),0,0,0,0,0,0,0,0,0,0,0,0,0,0,0,0,1
2021.03.14,(명탐정 페페의 탐정 사무소),0,0,1,0,0,0,0,0,0,0,0,0,0,0,0,0,0
2021.03.21,(명탐정 페페의 탐정 사무소),0,0,0,0,0,0,0,0,0,0,1,0,0,0,0,0,0
2021.03.28,(봄봄봄 솔로부대 VS 커플부대),1,0,0,0,0,0,0,0,0,0,0,0,0,0,0,0,0
2021.04.04,(봄봄봄 솔로부대 VS 커플부대),0,0,0,0,0,0,0,0,0,0,0,0,0,0,0,0,1
2021.04.11,(헤이스트 플러스),0,0,0,0,0,0,0,0,0,1,0,0,0,0,0,0,0
2021.04.18,(헤이스트 플러스),0,0,0,0,0,1,0,0,0,0,0,0,0,0,0,0,0
2021.04.25,<블루밍 포레스트>,1,0,0,0,0,0,0,0,1,0,0,0,0,0,0,0,0
2021.05.02,<블루밍 포레스트>,0,1,0,0,0,0,0,0,0,0,0,0,0,0,0,0,1
2021.05.09,<블루밍 포레스트>,0,0,0,0,0,0,0,0,0,0,0,0,1,1,0,0,0
2021.05.16,<블루밍 포레스트>,0,0,0,0,0,0,0,0,0,0,1,0,0,0,0,0,0
2021.05.23,<블루밍 포레스트>,1,0,0,0,0,0,0,0,0,0,0,0,0,0,0,0,0
2021.05.30,<블루밍 포레스트>,0,0,0,0,0,0,0,0,0,0,0,0,0,0,0,0,1
2021.06.06,<블루밍 포레스트>,0,0,0,0,0,0,0,0,0,1,0,0,0,0,0,0,0
2021.06.13,<블루밍 포레스트>,0,0,0,0,0,1,0,0,1,0,0,0,0,1,0,0,0
2021.06.20,<메이플 LIVE>,1,0,0,0,0,0,0,0,0,0,0,0,0,0,0,0,0
2021.06.27,<메이플 LIVE>,0,0,0,0,0,0,0,0,0,0,1,0,0,0,0,0,1
2021.07.04,<메이플 LIVE>,0,0,0,0,0,0,0,0,0,0,0,0,1,1,0,0,0
2021.07.11,<메이플 LIVE>,0,1,0,0,0,0,0,0,0,0,0,0,0,0,0,0,0
2021.07.18,<메이플 LIVE>,1,0,0,0,0,0,0,0,0,1,0,0,0,0,0,0,0
2021.07.25,<메이플 LIVE>,0,0,0,0,0,0,0,0,0,0,0,0,1,0,0,0,1
2021.08.01,<메이플 LIVE>,0,0,0,0,0,0,0,0,1,0,0,0,0,1,0,0,0
2021.08.08,<메이플 LIVE>,0,0,1,0,0,1,0,0,0,0,0,0,0,0,0,0,0
2021.08.15,<메이플 LIVE>,1,0,0,0,0,0,0,0,0,0,1,0,0,0,0,0,0
2021.08.22,<메이플 LIVE>,0,0,0,0,0,0,0,0,0,0,0,0,0,0,0,0,1
2021.08.29,<메이플 LIVE>,0,1,0,0,0,0,0,0,0,0,0,0,0,0,0,0,0
2021.09.05,<메이플 LIVE>,0,0,0,0,0,0,0,0,0,1,0,0,1,1,0,0,0
2021.09.12,<추추 푸드 페스티벌>,1,1,0,0,0,0,0,0,0,0,0,0,0,0,0,0,0
2021.09.19,<추추 푸드 페스티벌>,0,0,0,0,0,0,0,0,1,0,0,0,0,0,0,0,1
2021.09.26,<추추 푸드 페스티벌>,0,0,1,0,0,0,0,0,0,0,0,0,0,0,0,0,0
2021.10.03,<추추 푸드 페스티벌>,0,0,0,0,0,0,0,0,0,0,1,0,0,1,0,0,0
2021.10.10,<추추 푸드 페스티벌>,0,0,0,0,0,1,0,0,0,0,0,0,1,0,0,0,0
2021.10.17,(헤이스트 플러스),0,0,1,0,0,0,0,0,0,0,0,0,0,0,0,0,0
2021.10.24,(헤이스트 플러스),0,0,0,0,0,0,0,0,0,1,0,0,0,0,0,0,0
2021.10.31,(택티컬 릴레이 Ver.3),1,1,0,0,0,0,0,0,0,0,0,0,0,0,0,0,0
2021.11.07,(택티컬 릴레이 Ver.3),0,0,0,0,0,0,0,0,1,0,0,0,0,0,0,0,1
2021.11.14,(워너비 메이플 아이돌!),0,0,0,0,0,0,0,0,0,0,0,0,0,1,0,0,0
2021.11.21,(워너비 메이플 아이돌!),0,0,0,0,0,0,0,0,0,0,0,0,1,0,0,0,0
2021.11.28,(워너비 메이플 아이돌!),0,0,0,0,0,1,0,0,0,0,0,0,0,0,0,0,0
2021.12.05,(워너비 메이플 아이돌!),0,0,0,0,0,0,0,0,0,0,1,0,0,0,0,0,0
2021.12.12,(토벤머리 용사와 특별 과외),0,0,1,0,0,0,0,0,0,0,0,0,0,0,0,0,0
2021.12.19,(토벤머리 용사와 특별 과외),1,0,0,0,0,0,0,0,0,0,0,0,0,0,0,0,0
2021.12.26,(토벤머리 용사와 특별 과외),0,0,0,0,0,0,0,0,0,0,0,0,0,0,0,0,0
2022.01.02,<별빛 심포니>,0,0,0,0,0,0,0,0,0,1,0,0,0,0,0,0,1
2022.01.09,<별빛 심포니>,0,0,0,1,0,0,0,0,0,0,0,0,0,0,0,0,0
2022.01.16,<별빛 심포니>,0,0,0,0,0,0,0,0,0,0,0,0,1,1,0,0,0
2022.01.23,<별빛 심포니>,0,0,0,0,0,0,0,0,0,0,0,0,0,0,0,0,0
2022.01.30,<별빛 심포니>,1,1,0,0,0,0,0,0,0,0,0,0,0,0,0,0,0
2022.02.06,<별빛 심포니>,0,0,0,0,1,0,0,0,0,0,0,0,0,0,0,0,0
2022.02.13,<별빛 심포니>,0,0,0,0,0,0,0,0,0,0,0,0,0,0,0,0,1
2022.02.20,<별빛 심포니>,0,0,0,0,0,0,0,0,0,0,0,0,0,0,0,0,0
2022.02.27,<별빛 심포니>,0,0,0,0,0,1,0,0,0,0,1,0,0,0,0,0,0
2022.03.06,<별빛 심포니>,0,0,0,0,0,0,0,0,0,0,0,0,0,0,0,0,0
2022.03.13,(슈피겔만의 별빛 상자),0,0,0,0,0,0,0,0,0,0,0,0,0,0,0,0,1
2022.03.20,(슈피겔만의 별빛 상자),1,0,0,0,0,0,0,0,0,0,0,0,0,0,0,0,0
2022.03.27,(사냥 가속! 슈퍼 헤이스트!),0,0,1,0,0,0,0,0,0,0,0,0,0,0,0,0,0
2022.04.03,(사냥 가속! 슈퍼 헤이스트!),0,0,0,0,0,0,0,0,0,0,0,0,1,0,0,0,0
2022.04.10,(카밀라의 팝업 스토어),0,0,0,0,0,0,0,0,1,0,0,0,0,1,0,0,0
2022.04.17,(카밀라의 팝업 스토어),0,0,0,0,0,0,0,0,0,0,0,0,0,0,0,0,1
2022.04.24,<메이플 모멘트리>,1,1,0,0,0,0,0,0,0,1,0,0,0,0,0,0,0
2022.05.01,<메이플 모멘트리>,0,0,0,0,0,0,0,0,0,0,0,0,0,0,0,0,0
2022.05.08,<메이플 모멘트리>,0,0,0,0,0,0,0,0,0,0,0,0,0,0,0,0,1
2022.05.15,<메이플 모멘트리>,0,0,0,0,0,0,0,0,0,0,1,0,0,0,0,0,0
2022.05.22,<메이플 모멘트리>,0,0,0,0,0,1,0,0,0,0,0,0,0,0,0,0,0
2022.05.29,<메이플 모멘트리>,0,0,1,0,0,0,0,0,0,0,0,0,0,0,0,0,0
2022.06.05,<메이플 모멘트리>,1,0,0,0,0,0,0,0,0,0,0,0,0,0,0,0,0
2022.06.12,<메이플 모멘트리>,0,0,0,0,0,0,0,0,0,1,0,0,1,0,0,0,0
2022.06.19,<이그니션 불꽃 축제>,0,0,0,0,0,0,0,0,0,0,0,0,0,0,0,0,0
2022.06.26,<이그니션 불꽃 축제>,0,0,0,0,0,0,0,0,1,0,0,0,0,1,0,0,0
2022.07.03,<이그니션 불꽃 축제>,0,0,0,0,0,0,0,0,0,0,0,0,0,0,0,0,0
2022.07.10,<이그니션 불꽃 축제>,1,0,0,0,0,0,0,0,0,0,1,0,0,0,0,0,0
2022.07.17,<이그니션 불꽃 축제>,0,0,0,1,0,0,0,0,0,0,0,0,0,0,0,0,0
2022.07.24,<이그니션 불꽃 축제>,0,0,0,0,0,0,0,0,0,0,0,0,1,1,0,0,0
2022.07.31,<이그니션 불꽃 축제>,0,0,0,0,1,0,0,0,0,0,0,0,0,0,0,0,0
2022.08.07,<이그니션 불꽃 축제>,0,1,0,0,0,0,0,0,0,0,0,0,0,0,0,0,1
2022.08.14,<이그니션 불꽃 축제>,0,0,0,0,0,0,0,0,0,0,0,0,0,0,0,0,0
2022.08.21,<이그니션 불꽃 축제>,1,0,0,0,0,0,0,0,1,0,0,0,0,0,0,0,0
2022.08.28,<이그니션 불꽃 축제>,0,0,0,0,0,0,0,0,0,0,0,0,0,0,0,0,0
2022.09.04,<이그니션 불꽃 축제>,0,0,0,0,0,1,0,0,0,0,0,0,0,0,0,0,0
2022.09.11,(이그니션 풀 문 파티 - 어메이진! 썬데이메이플),0,0,0,0,0,0,0,0,0,0,0,0,0,0,0,0,0
2022.09.18,(이그니션 풀 문 파티 - 멋진! 썬데이메이플),0,0,0,0,0,0,0,0,0,0,0,0,0,0,0,0,0
2022.09.25,(이그니션 풀 문 파티 - 노마진! 썬데이메이플),1,1,1,0,0,1,0,0,0,0,1,0,1,1,0,0,1
2022.10.02,(택티컬 릴레이 Ver.4),0,0,0,0,0,0,0,0,0,0,0,0,0,0,0,0,1
2022.10.09,(택티컬 릴레이 Ver.4),1,1,0,0,0,0,0,0,0,0,0,0,0,0,0,0,0
2022.10.16,(사냥 가속! 슈퍼 헤이스트!),0,0,0,0,0,0,0,0,0,1,0,0,0,0,0,0,0
2022.10.23,(사냥 가속! 슈퍼 헤이스트!),0,0,1,0,0,0,0,0,0,0,0,0,0,0,0,0,0
2022.10.30,(카밀라의 어텀 플리마켓),0,0,0,0,0,0,0,0,0,0,0,0,1,0,0,0,0
2022.11.06,(카밀라의 어텀 플리마켓),0,1,0,0,0,0,0,0,0,0,0,0,0,0,0,0,0
2022.11.13,(골드리치의 비밀금고),0,0,0,0,0,0,0,0,1,0,0,0,0,1,0,0,1
2022.11.20,(골드리치의 비밀금고),1,0,0,0,0,1,0,0,0,0,0,0,0,0,0,0,0
2022.11.27,(돌의 정령을 키워달람!),0,1,1,0,0,0,0,0,0,0,0,0,0,0,0,0,0
2022.12.04,(돌의 정령을 키워달람!),0,0,0,0,0,0,0,0,0,0,0,0,0,0,0,0,1
2022.12.11,(돌의 정령을 키워달람!),1,0,0,0,0,0,0,0,0,0,0,0,0,0,0,0,0
2022.12.18,(돌의 정령을 키워달람!),0,0,0,0,0,0,0,0,0,0,1,0,1,1,0,0,0
2022.12.25,<요정 웡키의 웡스토랑>,1,0,0,0,0,0,0,0,0,0,0,0,0,0,0,0,0
2023.01.08,<요정 웡키의 웡스토랑>,0,1,0,0,0,0,0,0,0,0,0,0,0,0,0,0,1
2023.01.22,<요정 웡키의 웡스토랑>,0,0,0,0,0,0,0,0,0,0,0,0,1,1,0,0,0
2023.01.29,<요정 웡키의 웡스토랑>,1,0,0,0,0,0,0,0,0,0,0,0,0,0,0,0,0
2023.02.05,<요정 웡키의 웡스토랑>,0,0,0,0,0,0,0,0,0,0,1,0,0,0,0,0,0
2023.02.19,<요정 웡키의 웡스토랑>,0,1,0,0,0,0,0,0,0,0,0,0,0,0,0,0,1
2023.02.26,<요정 웡키의 웡스토랑>,1,0,0,0,0,0,0,0,0,0,0,0,0,0,0,0,0
2023.03.05,(슈피겔만과 비밀의 반지 상점),0,0,0,0,0,0,0,0,1,0,0,0,0,1,0,0,0
2023.03.12,(슈피겔만과 비밀의 반지 상점),0,0,1,0,0,0,0,0,0,0,0,0,0,0,0,0,0
2023.03.19,(슈피겔만과 비밀의 반지 상점),0,0,0,0,0,1,0,0,0,0,0,0,0,0,0,0,0
2023.03.26,(슈피겔라의 딸기농장),0,0,0,0,0,0,0,0,0,0,0,0,0,0,0,0,0
2023.04.02,(슈피겔라의 딸기농장),0,0,0,0,0,0,0,0,0,1,0,0,0,0,0,0,0
2023.04.09,(마법의 석판),1,0,0,0,0,0,0,0,0,0,0,0,1,0,0,0,0
2023.04.16,(마법의 석판),0,1,0,0,0,0,0,0,0,0,0,0,0,0,0,0,1
2023.04.23,<메이프릴 아일랜드>,1,0,0,0,0,0,0,0,0,0,0,0,0,1,0,0,0
2023.04.30,<메이프릴 아일랜드>,0,1,0,0,0,0,0,0,0,0,0,0,0,0,0,0,1
2023.05.07,<메이프릴 아일랜드>,0,0,0,0,0,0,0,0,0,0,1,0,0,0,0,0,0
2023.05.14,<메이프릴 아일랜드>,0,0,0,0,0,1,0,0,0,0,0,0,1,0,0,0,0
2023.05.21,<메이프릴 아일랜드>,1,0,0,0,0,0,0,0,1,0,0,0,0,0,0,0,0
2023.05.28,<메이프릴 아일랜드>,0,0,0,0,0,0,0,0,0,0,0,0,0,0,0,0,1
2023.06.04,<메이프릴 아일랜드>,0,1,1,0,0,0,0,0,0,0,0,0,0,0,0,0,0
2023.06.11,<메이프릴 아일랜드>,0,0,0,0,0,0,0,0,0,1,0,0,0,1,0,0,0
2023.06.18,<이덴티스크>,1,0,0,0,0,0,0,0,0,0,0,0,0,0,0,0,1
2023.06.25,<이덴티스크>,0,0,0,0,0,0,0,0,1,0,0,0,0,1,0,0,0
2023.07.02,<이덴티스크>,0,0,0,0,1,0,0,0,0,0,0,0,0,0,0,0,0
2023.07.09,<이덴티스크>,0,1,0,0,0,0,0,0,0,0,0,0,1,0,0,0,0
2023.07.16,<이덴티스크>,0,0,0,1,0,0,0,0,0,0,0,0,0,0,0,0,0
2023.07.23,<이덴티스크>,0,0,0,0,0,1,0,0,0,0,0,0,0,1,0,0,0
2023.07.30,<이덴티스크>,0,1,0,0,0,0,0,0,0,0,0,0,0,0,0,0,0
2023.08.06,<이덴티스크>,0,0,0,0,0,0,0,0,0,1,0,0,0,0,0,0,0
2023.08.13,<이덴티스크>,1,1,0,0,0,1,0,0,0,0,1,0,1,1,0,0,1
2023.08.20,<이덴티스크>,0,1,0,0,0,0,0,0,0,0,0,0,0,0,0,0,1
2023.08.27,<이덴티스크>,0,0,0,0,0,0,0,0,0,0,0,0,0,0,0,0,0
2023.09.03,(츄츄 스페셜 슬러시),1,0,0,0,0,0,0,0,1,0,0,0,0,0,0,0,0
2023.09.10,(츄츄 스페셜 슬러시),0,1,0,0,0,0,0,0,0,0,0,0,0,0,0,0,1
2023.09.17,(츄츄 스페셜 슬러시),0,0,1,0,0,0,0,0,0,0,0,0,0,0,0,0,0
2023.09.24,<미나르 가을 소풍>,0,0,0,1,0,0,0,0,0,0,0,0,0,0,0,0,0
2023.10.01,<미나르 가을 소풍>,1,1,0,0,0,0,0,0,0,0,0,0,0,0,0,0,0
2023.10.08,<미나르 가을 소풍>,0,0,0,0,1,0,0,0,0,0,0,0,0,0,0,0,0
2023.10.15,<미나르 가을 소풍>,0,0,1,0,0,0,0,0,0,0,0,0,0,0,0,0,1
2023.10.22,<미나르 가을 소풍>,0,0,0,0,0,1,0,0,0,0,0,0,1,1,0,0,0
2023.10.29,(메이플 패션위크),1,0,0,0,0,0,0,0,0,0,0,0,0,0,0,0,0
2023.11.05,(메이플 패션위크),0,1,0,0,0,0,0,0,1,0,0,0,0,0,0,0,0
2023.11.12,(메이플 패션위크),0,0,0,0,0,0,0,0,0,0,0,0,0,0,0,0,1
2023.11.19,(메이플 패션위크),0,0,1,0,0,0,0,0,0,0,0,0,0,0,0,0,0
2023.11.26,(메이플 월드 투어),1,0,0,0,0,0,0,0,0,0,0,0,0,0,0,0,1
2023.12.03,(메이플 월드 투어),0,0,0,0,0,0,0,0,0,1,0,0,0,0,0,0,0
2023.12.10,(메이플 월드 투어),0,1,1,0,0,0,0,0,0,0,0,0,1,0,0,0,0
2023.12.17,(의문의 초대장),0,0,0,0,0,1,0,0,0,0,1,0,0,1,0,0,0
2023.12.24,<꿈속의 레헬른>,1,1,0,0,0,0,0,0,0,0,0,0,0,0,0,0,1
2023.12.31,<꿈속의 레헬른>,0,0,0,0,0,0,0,0,0,0,0,0,0,0,0,0,0
2024.01.07,<꿈속의 레헬른>,0,0,0,0,1,0,0,0,0,0,0,0,0,0,0,0,0
2024.01.14,<꿈속의 레헬른>,1,1,0,0,0,0,0,0,0,0,0,0,0,0,0,0,1
2024.01.21,<꿈속의 레헬른>,0,0,0,0,0,0,0,0,1,0,0,0,1,1,0,0,0
2024.01.28,<꿈속의 레헬른>,0,0,0,0,0,0,0,0,0,1,0,0,0,0,0,0,0
2024.02.04,<꿈속의 레헬른>,1,1,0,0,0,0,0,0,0,0,0,0,0,0,0,0,1
2024.02.11,<꿈속의 레헬른>,0,0,0,0,0,0,0,0,0,0,1,0,0,0,0,0,0
2024.02.18,<꿈속의 레헬른>,0,0,0,0,0,1,0,0,0,0,0,0,0,1,0,0,0
2024.02.25,<꿈속의 레헬른>,1,1,0,0,0,0,0,0,0,0,0,0,0,0,0,0,1
2024.03.03,<꿈속의 레헬른>,0,0,0,0,0,0,0,0,0,1,0,0,0,0,0,0,0
2024.03.10,<꿈속의 레헬른>,0,0,1,0,0,0,0,0,0,0,0,0,0,0,0,0,0
2024.03.17,<꿈속의 레헬른>,1,1,0,0,0,1,0,0,0,0,0,0,1,1,0,0,1
2024.03.24,(유니온 릴레이),0,0,0,0,0,0,0,0,1,0,0,0,0,1,0,0,0
2024.04.01,(유니온 릴레이),0,1,0,0,0,0,0,0,0,0,0,0,0,0,0,0,1
2024.04.07,(우주 스타 핑크빈!),0,0,0,0,0,0,0,0,0,0,1,0,0,0,0,0,0
2024.04.14,(우주 스타 핑크빈!),1,0,0,0,0,0,0,0,0,0,0,0,1,0,0,0,0
2024.04.21,<빅토리아컵>,0,1,0,0,0,0,0,0,0,1,0,0,0,1,0,0,0
2024.04.28,<빅토리아컵>,0,0,0,0,0,1,0,0,0,0,0,0,0,0,0,0,1
2024.05.05,<빅토리아컵>,0,0,0,1,0,0,0,0,0,0,0,0,0,0,0,0,0
2024.05.12,<빅토리아컵>,1,0,0,0,0,0,0,0,0,0,0,0,1,0,0,0,0
2024.05.19,<빅토리아컵>,0,0,0,0,0,0,0,0,0,0,1,0,0,0,0,0,1
2024.05.26,<빅토리아컵>,1,1,0,0,0,0,0,0,1,0,0,0,0,0,0,0,0
2024.06.02,<빅토리아컵>,0,0,1,0,0,0,0,0,0,0,0,0,0,0,0,0,1
2024.06.09,<빅토리아컵>,0,0,0,0,0,0,0,0,0,1,0,0,1,1,0,0,0
2024.06.16,<빅토리아컵>,1,1,0,0,0,0,0,0,1,0,0,0,0,0,0,0,0
2024.06.23,<잊힌 축제의 서>,1,1,0,0,0,0,0,0,0,0,0,0,0,0,0,0,1
2024.06.30,<잊힌 축제의 서>,0,0,0,0,1,0,0,0,0,0,0,0,0,0,0,0,0
2024.07.07,<잊힌 축제의 서>,1,1,0,0,0,0,0,0,0,0,0,0,0,0,0,0,1
2024.07.14,<잊힌 축제의 서>,0,0,0,0,0,1,0,0,0,0,0,0,1,1,0,0,0
2024.07.21,<잊힌 축제의 서>,0,1,0,0,0,0,0,0,0,0,0,0,0,0,0,1,0
2024.07.28,<잊힌 축제의 서>,0,0,0,0,1,0,0,0,0,0,0,0,0,0,0,0,0
2024.08.04,<잊힌 축제의 서>,0,0,1,0,0,0,0,0,1,0,0,0,1,1,0,0,0
2024.08.11,<잊힌 축제의 서>,1,1,0,0,0,0,0,0,0,0,0,0,0,0,0,0,1
2024.08.18,<차원의 방문자>,0,1,0,0,0,0,0,0,0,0,0,0,0,0,0,0,1
2024.08.25,<차원의 방문자>,0,0,0,0,0,0,0,0,0,0,1,0,0,0,0,0,0
2024.09.01,<차원의 방문자>,1,1,0,0,0,0,0,0,0,0,0,0,0,0,0,0,0
2024.09.08,<차원의 방문자>,0,0,0,0,0,1,0,0,1,0,0,0,1,1,0,0,0
2024.09.15,<차원의 방문자>,0,1,0,0,0,0,0,0,0,1,0,0,0,0,0,0,0
2024.09.22,<차원의 방문자>,1,0,0,0,0,0,0,0,0,0,0,0,0,0,0,0,0
2024.09.29,<차원의 방문자>,0,0,0,0,0,0,0,0,0,0,0,0,1,1,0,0,1
2024.10.06,<차원의 방문자>,0,0,1,0,0,0,0,0,0,0,1,0,0,0,0,0,0
2024.10.13,<차원의 방문자>,0,0,0,0,0,0,0,0,0,0,0,0,0,0,0,1,0
2024.10.20,<차원 대소동>,0,1,0,0,0,0,0,0,0,0,0,0,0,0,0,0,1
2024.10.27,<차원 대소동>,0,0,0,0,0,0,0,0,0,1,0,0,0,1,0,0,0
2024.11.03,<차원 대소동>,0,0,0,0,0,1,0,0,0,0,0,0,1,0,0,0,0
2024.11.10,<차원 대소동>,0,1,0,0,0,0,0,0,0,0,1,0,0,0,0,0,0
2024.11.17,<차원 대소동>,1,0,0,0,0,0,0,0,0,0,0,0,0,0,0,0,0
2024.11.24,<차원 대소동>,0,0,0,0,0,0,0,0,0,1,0,0,0,0,0,0,0
2024.12.01,<차원 대소동>,0,0,0,0,0,0,0,0,0,0,0,0,0,1,0,0,1
2024.12.08,<차원 대소동>,1,0,0,0,0,0,0,0,0,0,1,0,0,0,0,0,0
2024.12.15,<차원 대소동>,0,1,1,0,0,0,0,0,0,1,0,0,0,0,0,0,0
2024.12.22,<새벽별 연회>,1,1,0,0,0,0,0,0,0,0,0,0,0,0,0,0,1
2024.12.29,<새벽별 연회>,1,1,0,0,0,0,0,0,0,0,0,0,0,0,0,0,1
2025.01.05,<새벽별 연회>,0,0,0,0,1,0,0,0,0,0,0,0,0,0,0,0,0
2025.01.12,<새벽별 연회>,0,0,1,0,0,1,0,0,0,0,0,0,1,1,0,1,0
2025.01.19,<새벽별 연회>,0,0,0,1,0,0,0,0,0,0,0,0,0,0,0,0,0
2025.01.26,<새벽별 연회>,1,1,0,0,0,0,0,0,0,0,0,0,0,0,0,0,1
2025.02.02,<새벽별 연회>,0,0,0,0,0,0,0,0,1,0,0,0,0,1,0,0,0
2025.02.09,<새벽별 연회>,0,0,0,0,0,1,0,0,0,0,1,0,1,0,0,0,0
2025.02.16,<새벽별 연회>,1,1,0,0,0,0,0,0,0,0,0,0,0,0,0,0,1
2025.02.23,<낯선 조류>,0,1,0,0,0,0,0,0,1,0,0,0,0,0,0,0,1
2025.03.02,<낯선 조류>,0,0,0,0,1,0,0,0,0,0,0,0,0,0,0,0,0
2025.03.09,<낯선 조류>,1,0,0,0,0,0,0,0,0,0,0,0,0,1,0,0,0
2025.03.16,<낯선 조류>,0,1,0,0,0,0,0,0,0,0,0,0,1,0,0,0,1
2025.03.23,<낯선 조류>,0,0,0,0,0,0,0,0,0,0,0,1,0,1,0,0,0
2025.03.30,<낯선 조류>,0,1,0,0,0,0,0,0,0,0,0,0,0,0,0,0,1
2025.04.06,<낯선 조류>,0,0,0,0,0,0,0,0,0,1,0,0,0,0,0,1,0
2025.04.13,<낯선 조류>,1,0,1,0,0,0,0,0,0,0,0,0,0,0,0,0,0
2025.04.20,<메이플 대학교>,0,0,0,1,0,0,0,0,0,0,0,0,0,0,0,0,0
2025.04.27,<메이플 대학교>,0,0,0,0,0,1,0,0,0,0,0,0,1,0,0,0,0
2025.05.04,<메이플 대학교>,0,0,0,0,1,0,0,0,0,0,0,0,0,0,0,0,0
2025.05.11,<메이플 대학교>,0,0,1,0,0,0,0,0,0,0,0,0,0,1,0,0,0
2025.05.18,<메이플 대학교>,0,1,0,0,0,0,0,0,0,0,1,0,0,0,0,0,0
2025.05.25,<메이플 대학교>,0,0,0,0,0,0,0,0,0,0,0,1,0,0,0,0,0
2025.06.01,<메이플 대학교>,0,0,0,0,0,0,0,0,0,0,0,0,1,0,0,0,1
2025.06.08,<메이플 대학교>,1,1,0,0,0,0,1,0,0,1,0,0,0,0,0,0,1
2025.06.15,<메이플 대학교>,0,0,1,0,0,0,0,0,1,0,0,0,0,1,0,0,0
2025.06.22,<황혼빛 전야제>,1,1,0,0,0,0,1,0,0,0,0,0,0,0,1,0,0
2025.06.29,<황혼빛 전야제>,0,0,0,1,0,0,0,0,0,0,0,0,0,0,0,0,0
2025.07.06,<황혼빛 전야제>,0,1,1,0,0,1,0,0,1,0,0,0,1,1,0,1,0
2025.07.13,<황혼빛 전야제>,1,1,0,0,0,0,1,0,0,1,0,0,0,0,0,0,0
2025.07.20,<황혼빛 전야제>,0,0,0,0,1,0,0,0,0,0,0,0,0,0,0,0,0
2025.07.27,<황혼빛 전야제>,1,0,0,0,0,0,0,0,0,0,0,0,0,0,1,0,0
2025.08.03,<황혼빛 전야제>,0,0,0,0,0,0,0,0,1,0,0,0,1,1,0,0,0
2025.08.10,<황혼빛 전야제>,0,0,1,0,0,0,0,0,0,0,0,1,0,0,0,0,0
2025.08.17,<황혼빛 전야제>,0,1,0,0,0,0,1,0,0,0,0,0,0,0,1,0,0
2025.08.24,<황혼빛 전야제>,0,0,0,0,0,0,0,0,1,1,0,0,1,0,0,0,0
2025.08.31,<황혼빛 전야제>,1,1,0,0,0,0,0,0,0,0,0,0,0,0,0,0,0
2025.09.07,<황혼빛 전야제>,0,0,0,0,0,0,0,0,0,0,0,1,1,1,0,0,0
2025.09.14,<황혼빛 전야제>,0,0,0,0,0,1,1,0,0,0,0,0,0,0,1,0,0
2025.09.21,<메이플 아지트>,0,0,0,0,1,0,0,0,0,0,0,0,0,0,0,0,0
2025.09.28,<메이플 아지트>,1,1,0,0,0,0,0,0,0,0,0,0,0,0,0,0,0
2025.10.05,<메이플 아지트>,0,0,0,0,0,0,0,0,0,0,0,1,0,1,0,0,0
2025.10.12,<메이플 아지트>,0,0,0,0,0,0,1,0,0,0,0,0,1,0,1,0,0
2025.10.19,<메이플 아지트>,0,0,0,1,0,0,0,0,0,0,0,0,0,0,0,0,0
2025.10.26,<메이플 아지트>,1,0,0,0,0,0,0,0,0,0,0,0,0,0,1,1,0
2025.11.02,<메이플 아지트>,0,0,0,0,0,0,0,0,0,1,0,0,0,1,0,0,0
2025.11.09,<메이플 아지트>,0,1,1,0,0,0,0,0,0,0,0,0,1,0,0,0,0
2025.11.16,<메이플 아지트>,0,0,0,0,1,0,0,0,0,0,0,0,0,0,0,0,0
2025.11.23,(몬스터파크 대소동),1,0,0,0,0,1,0,0,0,0,0,0,0,0,0,0,0
2025.11.30,(몬스터파크 대소동),0,0,0,0,0,0,0,0,0,0,0,1,0,0,0,0,0
2025.12.07,(몬스터파크 대소동),0,1,0,0,0,0,0,0,0,0,0,0,0,0,1,0,0
2025.12.14,(몬스터파크 대소동),0,0,0,0,1,0,0,0,0,0,0,0,0,0,0,0,0
2025.12.21,<환영이 내리는 밤>,1,1,0,0,0,0,1,0,0,0,0,0,0,0,1,0,0
2025.12.28,<환영이 내리는 밤>,1,1,0,0,0,0,1,0,0,0,0,0,1,0,1,0,0
2026.01.04,<환영이 내리는 밤>,0,0,0,1,0,0,0,0,0,0,0,0,0,0,0,0,0
2026.01.11,<환영이 내리는 밤>,0,1,1,0,0,1,0,0,1,0,0,0,1,1,1,1,0
2026.01.18,<환영이 내리는 밤>,0,0,0,0,1,0,0,0,0,0,0,0,0,0,0,0,0
2026.01.25,<환영이 내리는 밤>,0,0,0,0,0,0,0,1,0,0,0,0,0,0,0,0,0
2026.02.01,<환영이 내리는 밤>,1,1,0,0,0,0,1,0,0,0,0,0,0,0,1,0,0
2026.02.08,<환영이 내리는 밤>,0,0,0,0,0,0,0,1,0,0,0,0,0,0,0,0,0
2026.02.15,<환영이 내리는 밤>,0,0,0,0,1,0,0,0,0,0,0,0,0,0,0,0,0
2026.02.22,<환영이 내리는 밤>,0,0,1,0,0,0,1,0,0,0,0,0,0,0,0,0,0
2026.03.01,<환영이 내리는 밤>,0,0,0,1,0,0,0,0,0,0,0,0,0,0,0,0,0
2026.03.08,<환영이 내리는 밤>,0,1,0,0,0,1,0,0,0,0,0,0,1,0,0,0,0
2026.03.15,<환영이 내리는 밤>,0,1,0,0,0,1,0,0,0,0,0,0,1,0,0,0,0
2026.03.22,<환영이 내리는 밤>,1,0,0,0,0,0,0,0,0,0,0,0,0,0,0,0,0
2026.03.29,<메이플 어택!>,0,0,0,0,1,0,0,0,0,0,0,0,0,0,0,0,0
2026.04.05,<메이플 어택!>,0,0,0,0,0,0,1,0,0,0,0,0,0,0,1,0,0
2026.04.12,<메이플 어택!>,0,1,0,0,0,0,0,0,0,0,0,0,1,0,0,0,0
2026.04.19,<메이플 어택!>,0,1,0,0,0,0,0,0,0,0,0,0,0,1,0,1,0
2026.04.26,<메이플 어택!>,0,1,0,0,1,0,0,0,0,0,0,0,0,0,0,0,0
